"","Aminoacid","Codon","Observed","Expected","Residuals","Stdres","p-value"
"1","Ala","GCA","16459","12078.25","39.86","46.03","0"
"2","Ala","GCC","19850","12078.25","70.72","81.66","0"
"3","Ala","GCG","1309","12078.25","-97.99","-113.15","0"
"4","Ala","GCT","10695","12078.25","-12.59","-14.53","0"
"5","Arg","CGA","6878","3187","65.38","75.5","0"
"6","Arg","CGC","3552","3187","6.47","7.47","0"
"7","Arg","CGG","553","3187","-46.66","-53.88","0"
"8","Arg","CGT","1765","3187","-25.19","-29.09","0"
"9","Asn","AAC","20191","16433.5","29.31","41.45","0"
"10","Asn","AAT","12676","16433.5","-29.31","-41.45","0"
"11","Asp","GAC","7535","6504","12.78","18.08","4.63309121213369e-73"
"12","Asp","GAT","5473","6504","-12.78","-18.08","4.63309121213369e-73"
"13","Cys","TGC","3176","2425.5","15.24","21.55","5.19476270305044e-103"
"14","Cys","TGT","1675","2425.5","-15.24","-21.55","5.19476270305044e-103"
"15","End","AGA","147","643","-19.56","-22.59","0"
"16","End","AGG","114","643","-20.86","-24.09","0"
"17","End","TAA","1964","643","52.1","60.15","0"
"18","End","TAG","347","643","-11.67","-13.48","0"
"19","Gln","CAA","16832","9239","79","111.72","0"
"20","Gln","CAG","1646","9239","-79","-111.72","0"
"21","Glu","GAA","14658","9017.5","59.4","84","0"
"22","Glu","GAG","3377","9017.5","-59.4","-84","0"
"23","Gly","GGA","14461","10450","39.24","45.31","0"
"24","Gly","GGC","13303","10450","27.91","32.23","0"
"25","Gly","GGG","5438","10450","-49.03","-56.61","0"
"26","Gly","GGT","8598","10450","-18.12","-20.92","0"
"27","His","CAC","12864","9729","31.78","44.95","0"
"28","His","CAT","6594","9729","-31.78","-44.95","0"
"29","Ile","ATC","31039","33079","-11.22","-15.86","1.15392845961021e-56"
"30","Ile","ATT","35119","33079","11.22","15.86","1.15392845961021e-56"
"31","Leu","CTA","50418","20510.1666666667","208.83","228.77","0"
"32","Leu","CTC","21335","20510.1666666667","5.76","6.31","0"
"33","Leu","CTG","6335","20510.1666666667","-98.98","-108.43","0"
"34","Leu","CTT","17804","20510.1666666667","-18.9","-20.7","0"
"35","Leu","TTA","23331","20510.1666666667","19.7","21.58","0"
"36","Leu","TTG","3838","20510.1666666667","-116.41","-127.53","0"
"37","Lys","AAA","16864","9392","77.1","109.04","0"
"38","Lys","AAG","1920","9392","-77.1","-109.04","0"
"39","Met","ATA","39317","23716.5","101.3","143.26","0"
"40","Met","ATG","8116","23716.5","-101.3","-143.26","0"
"41","Phe","TTC","24273","22528.5","11.62","16.44","1.0411507177594e-60"
"42","Phe","TTT","20784","22528.5","-11.62","-16.44","1.0411507177594e-60"
"43","Pro","CCA","14981","10174.5","47.65","55.02","0"
"44","Pro","CCC","15322","10174.5","51.03","58.93","0"
"45","Pro","CCG","972","10174.5","-91.23","-105.35","0"
"46","Pro","CCT","9423","10174.5","-7.45","-8.6","0"
"47","Ser","AGC","7523","9255","-18","-19.72","0"
"48","Ser","AGT","3529","9255","-59.52","-65.2","0"
"49","Ser","TCA","18390","9255","94.96","104.02","0"
"50","Ser","TCC","15016","9255","59.88","65.6","0"
"51","Ser","TCG","1356","9255","-82.11","-89.94","0"
"52","Ser","TCT","9716","9255","4.79","5.25","0"
"53","Thr","ACA","29875","17122.25","97.46","112.54","0"
"54","Thr","ACC","22984","17122.25","44.8","51.73","0"
"55","Thr","ACG","2356","17122.25","-112.85","-130.3","0"
"56","Thr","ACT","13274","17122.25","-29.41","-33.96","0"
"57","Trp","TGA","18165","10335","77.02","108.92","0"
"58","Trp","TGG","2505","10335","-77.02","-108.92","0"
"59","Tyr","TAC","13377","13035","3","4.24","2.2724420099098e-05"
"60","Tyr","TAT","12693","13035","-3","-4.24","2.2724420099098e-05"
"61","Val","GTA","14381","8136","69.24","79.95","0"
"62","Val","GTC","6633","8136","-16.66","-19.24","0"
"63","Val","GTG","3398","8136","-52.53","-60.65","0"
"64","Val","GTT","8132","8136","-0.04","-0.05","0"
